[
  {
    "id": 1,
    "customerId": 201,
    "requestedAmount": 20000,
    "status": null
  },
  {
    "id": 2,
    "customerId": 202,
    "requestedAmount": 500000,
    "status": null
  },
  {
    "id": 3,
    "customerId": 203,
    "requestedAmount": 10000,
    "status": null
  },
  {
    "application": 85,
    "customer": "Ahmed Al-Ansari",
    "status": "approved"
  },
  {
    "id": 1,
    "customerId": 201,
    "requestedAmount": 20000,
    "status": "approved"
  },
  {
    "application": 380,
    "customer": "Fatima Al-Kuwari",
    "status": "rejected"
  },
  {
    "id": 2,
    "customerId": 202,
    "requestedAmount": 500000,
    "status": "rejected"
  },
  {
    "id": 3,
    "customerId": 203,
    "requestedAmount": 10000,
    "status": "rejected"
  }
]