[
    {
        "id": "CAR001",
        "entryTime": "2025-02-01T08:00:00",
        "exitTime": "2025-02-01T10:30:00",
        "duration": 2.5,
        "cost": 12.5
    },
    {
        "id": "CAR002",
        "entryTime": "2025-02-01T09:15:00",
        "exitTime": "2025-02-01T11:15:00",
        "duration": 2.0,
        "cost": 10.0
    },
    {
        "id": "CAR003",
        "entryTime": "2025-02-02T07:45:00",
        "exitTime": null,
        "duration": null,
        "cost": null
    },
    {
        "id": "CAR004",
        "entryTime": "2025-02-02T12:30:00",
        "exitTime": "2025-02-02T14:00:00",
        "duration": 1.5,
        "cost": 7.5
    },
    {
        "id": "CAR005",
        "entryTime": "2025-02-03T06:00:00",
        "exitTime": null,
        "duration": null,
        "cost": null
    }
]